gene	pLI
MED13	1.0
NIPBL	1.0
SMC3	1.0
CNOT1	1.0
RLF	1.0
PCF11	1.0
FNDC3B	1.0
TAF1	1.0
RSF1	1.0
NCKAP1	1.0
KDM2A	1.0
BRD4	1.0
HELZ	1.0
FBN1	1.0
XPO1	1.0
PRR12	1.0
USP9X	1.0
POLA1	1.0
SYNGAP1	1.0
PRKDC	1.0
HDAC4	1.0
SMG1	1.0
ZC3H4	1.0
COL5A1	1.0
SMARCA4	1.0
TNPO1	1.0
AGO1	1.0
ARHGAP35	1.0
LRP1	1.0
TOP1	1.0
TRIP12	1.0
KMT2E	1.0
HCFC1	1.0
UBTF	1.0
HUWE1	1.0
KDM3B	1.0
TRRAP	1.0
GRIN2B	1.0
USP7	1.0
ATP1A3	1.0
ASH1L	1.0
ANKRD17	1.0
SMC1A	1.0
NPEPPS	1.0
CHERP	1.0
MED13L	1.0
RPRD2	1.0
KMT2A	1.0
CREBBP	1.0
SF3B1	1.0
EIF3B	1.0
PPFIA1	1.0
ZSWIM6	1.0
PRPF3	1.0
KAT6A	1.0
KMT2B	1.0
SIN3A	1.0
CHD2	1.0
ARID1A	1.0
GLTSCR1L	1.0
SCN1A	1.0
MED12	1.0
TJP1	1.0
SPEN	1.0
WDFY3	1.0
HDAC6	1.0
EHMT1	1.0
JMJD1C	1.0
MAP3K12	1.0
GGNBP2	1.0
CASK	1.0
TLE3	1.0
CHD6	1.0
UBR5	1.0
EIF4G1	1.0
NBEA	1.0
SMARCA5	1.0
TSC2	1.0
SUPT5H	1.0
GREB1L	1.0
PTCH1	1.0
CHD7	1.0
RAD54L2	1.0
CNOT3	1.0
AHDC1	1.0
U2SURP	1.0
RBM25	1.0
GIGYF2	1.0
MBTD1	1.0
DCAF5	1.0
SUV420H1	1.0
RABGAP1	1.0
KHSRP	1.0
TM9SF2	1.0
MATR3	1.0
PHF21A	1.0
NAV1	1.0
HIVEP2	1.0
OGT	1.0
RBBP6	1.0
GTPBP4	1.0
MYBL1	1.0
TEX11	1.0
DYNC1H1	1.0
SBNO1	1.0
THOC2	1.0
PRKCB	1.0
INO80	1.0
TAF4	1.0
FLNA	1.0
TRIM28	1.0
CHD8	1.0
RBM33	1.0
SNRNP200	1.0
XPO6	1.0
SMARCAD1	1.0
FRMPD4	1.0
MACF1	1.0
WAC	1.0
BRWD3	1.0
C17orf104	1.0
ATP2B1	1.0
EIF4G2	1.0
ZNF462	1.0
WDR26	1.0
CUL4B	1.0
TRIM33	1.0
STXBP1	1.0
TOPBP1	1.0
NF2	1.0
TET3	1.0
MN1	0.99999
SUPT6H	1.0
RP11-762I7.5	1.0
NHS	0.99999
RPS6KA3	0.99999
MYT1L	1.0
UBP1	0.99999
PLCL2	0.99999
SPTBN1	1.0
MYH9	1.0
ZDHHC5	0.99999
LUC7L3	0.99999
COPB2	1.0
DNAJC14	0.99999
RNF17	1.0
ANK3	1.0
F8	1.0
TM9SF3	0.99999
DLG3	0.99999
MGA	1.0
ANKRD52	1.0
STAG2	1.0
SATB2	0.99999
USP34	1.0
MAP3K2	0.99999
PREX1	1.0
MED14	1.0
CYFIP2	1.0
ZNF407	1.0
KPNB1	1.0
ETV5	0.99999
CUL2	1.0
HNRNPM	0.99999
PIAS1	0.99999
DAAM2	1.0
EFTUD2	1.0
YTHDC1	1.0
NCBP1	1.0
TCF20	1.0
DLL1	0.99999
UBR4	1.0
STAT3	1.0
IGF2BP3	0.99999
NSD1	1.0
SRCAP	1.0
ZNF777	0.99998
HNRNPK	0.99998
SCAF8	1.0
ARID2	1.0
CCT3	0.99998
COL5A2	1.0
PHC3	1.0
GATAD2B	0.99998
FBXO11	1.0
NOTCH1	1.0
COL3A1	1.0
PPP3CB	0.99998
ILF3	1.0
PLEKHA5	1.0
ZNF521	1.0
TAB2	0.99998
CTNND2	1.0
DDX5	0.99998
ACTN4	1.0
UPF2	1.0
CARM1	0.99998
PAXIP1	1.0
BPTF	1.0
EP300	1.0
FBXL19	0.99997
CREBRF	0.99997
HDAC2	0.99997
SP1	0.99997
MAPK8IP2	0.99997
AP2A1	1.0
ARCN1	0.99997
SPTAN1	1.0
RPTOR	1.0
CAND1	1.0
COPS2	0.99997
SALL4	0.99997
CACNA1C	1.0
ARID1B	1.0
PSMD2	1.0
PSMD3	0.99997
KMT2D	1.0
UBAP2L	1.0
ZNF148	0.99997
BTK	0.99996
RRM1	1.0
PPP2R5E	0.99997
RFX3	1.0
BIRC6	1.0
LMNB2	0.99996
CLTC	1.0
COPA	1.0
COL1A1	1.0
DHX15	1.0
DHX9	1.0
MAP2	1.0
ZMYM3	1.0
AGO2	1.0
ANK2	1.0
RALGAPB	1.0
IPO7	1.0
PRPF19	0.99995
SCAF4	1.0
TBL1XR1	0.99995
ZCCHC11	1.0
ZCCHC6	1.0
ANKRD11	1.0
PAFAH1B1	0.99995
ZEB2	1.0
AP2A2	1.0
SMU1	0.99994
NAA25	1.0
UBA1	1.0
BAZ1B	1.0
HNRNPH1	0.99993
VPRBP	1.0
CTIF	0.99994
ABCB7	0.99994
UTP15	0.99993
SETBP1	1.0
ARID5B	1.0
RBM10	1.0
TPR	1.0
RCOR1	0.99992
SUFU	0.99992
TRPS1	1.0
MTA1	1.0
RUVBL2	0.99992
EIF4G3	1.0
MDM4	0.99992
NTRK2	1.0
ANKHD1	1.0
ANKHD1-EIF4EBP3	1.0
RORB	0.99991
TIAL1	0.99992
NRXN3	1.0
PTPRD	1.0
WAPAL	1.0
RBM26	1.0
RIF1	1.0
NLK	0.99991
PHIP	1.0
LPHN2	1.0
DPYSL5	0.99991
USP8	1.0
TIPARP	0.99991
ZBTB4	0.99991
ISY1	0.9999
HNRNPU	1.0
TLK2	1.0
TRERF1	1.0
DHX30	1.0
MYCBP2	1.0
FUBP1	1.0
TRIM24	1.0
ZC3H7A	1.0
UBXN7	0.99988
SLC17A7	0.99988
NOTCH2	1.0
SMARCC1	1.0
RAI1	1.0
CSE1L	1.0
EIF4A1	0.99987
PIK3CA	1.0
KIF5C	1.0
REV3L	1.0
AGPS	1.0
ADAM10	1.0
MED1	1.0
SMARCC2	1.0
MYRF	1.0
DOT1L	1.0
CHAF1A	1.0
PSMD1	1.0
SRRM2	1.0
PIAS4	0.99986
ACTR3	0.99986
DDX3X	0.99986
TSC1	1.0
SON	1.0
WHSC1	1.0
TCEB3	1.0
STAG1	1.0
ATRX	1.0
VCPIP1	1.0
EIF4A3	0.99985
MAU2	1.0
PSMC2	0.99985
DAZAP1	0.99985
POGZ	1.0
PRKAR1A	0.99985
SF3A3	1.0
FXR1	1.0
CDC42BPB	1.0
XPO7	1.0
RARB	0.99983
RERE	1.0
ZMYND11	1.0
RPL4	0.99984
SUPT16H	1.0
ZBTB47	0.99983
PRRC2C	1.0
PPFIA3	1.0
ATP1A1	1.0
KIF11	1.0
NCOA2	1.0
HIPK1	1.0
KIAA0430	1.0
ARMCX4	1.0
KMT2C	1.0
PIK3AP1	1.0
SEMA4C	1.0
CYTH1	0.99981
RBM17	0.99981
RTF1	1.0
IPO5	1.0
NUP98	1.0
TRAF2	0.99979
EIF4B	0.99999
ADNP	1.0
RET	1.0
TEAD1	0.9998
CCDC22	0.99979
SHANK3	1.0
CACNA1E	1.0
PRMT5	0.99999
JADE3	0.99978
WDR5	0.99978
CUL4A	0.99999
PCLO	1.0
ZNF219	0.99977
GAPVD1	1.0
EPC1	1.0
KCNB1	0.99977
NLGN2	0.99974
PCDH19	0.99975
DDX17	0.99999
RB1	1.0
WNK1	1.0
ZC3H18	1.0
CDK12	1.0
HECTD4	1.0
RALGPS1	0.99999
TNRC6C	1.0
SCN2A	1.0
SOBP	0.99972
VCP	0.99999
TLN1	1.0
BTAF1	1.0
EPHA7	1.0
COL4A1	1.0
SIK3	1.0
KAT6B	1.0
KAT7	0.99999
ZFR	1.0
GSE1	1.0
GSK3A	0.9997
L1CAM	1.0
CTNNB1	0.99999
PBRM1	1.0
PRICKLE1	0.99999
PUM1	1.0
AHCTF1	1.0
TNPO2	1.0
AAK1	1.0
RASA1	1.0
CDC5L	1.0
FERMT2	0.99999
WTAP	0.99966
UBR3	1.0
SCN8A	1.0
FNIP2	1.0
MSN	0.99967
PPP1R12A	1.0
RANBP9	0.99999
USP47	1.0
CCDC88A	1.0
MLLT3	0.99964
EIF3A	1.0
YTHDC2	1.0
KSR2	1.0
ZMYND8	1.0
CCNA2	0.99962
PTPN6	0.99999
SCML2	0.99961
SNRK	0.99961
MINK1	1.0
IRF6	0.99961
ZRSR2	0.99963
RFX7	1.0
CSTF2	0.99959
NR4A2	0.99959
TULP4	1.0
MAP1B	1.0
USP42	1.0
ZNF592	0.99998
NPAS2	1.0
ZSWIM8	1.0
IQSEC2	0.99998
U2AF2	0.9996
ITPR1	1.0
COL2A1	1.0
NPLOC4	0.99998
MAPKAPK2	0.99957
DDX42	1.0
CACNA1A	1.0
SUZ12	0.99998
PHF12	1.0
DACH1	0.99954
PORCN	0.99953
CTR9	1.0
RBM5	1.0
NRBP1	0.99998
TBX5	0.99954
FRMD4A	1.0
PTPN11	0.99998
DLGAP3	0.99998
HIRA	1.0
SETD1A	1.0
NAA35	1.0
ELMSAN1	1.0
CACTIN	0.99998
ARHGEF6	0.99998
FAM120C	0.99998
RBM6	1.0
KIF1A	1.0
MECOM	1.0
MBD5	1.0
MEIS1	0.99951
INTS6	1.0
ZFHX3	1.0
JPH4	0.99948
SMARCA1	1.0
HEATR1	1.0
BAI3	1.0
SLC12A5	1.0
TAF3	0.99997
SHOC2	0.99946
PSMC1	0.99945
RBM22	0.99947
NFKB1	1.0
AFF4	1.0
RB1CC1	1.0
SAFB	1.0
TRAPPC8	1.0
ARID4A	1.0
TRIO	1.0
YTHDF2	0.99943
PPFIA2	1.0
KDM6B	1.0
SPTB	1.0
SOS1	1.0
BAI1	1.0
AMBRA1	1.0
UBE2O	1.0
ZNF292	1.0
BCOR	1.0
HDAC5	1.0
PODXL2	0.99936
AFTPH	0.99997
RANBP3	0.99997
SPAG9	1.0
FNBP4	1.0
AGPAT3	0.99933
RANBP2	1.0
TKTL1	0.99933
ZBTB44	0.99929
WHSC1L1	1.0
CNOT4	0.99996
JAG2	1.0
TFCP2L1	0.99996
MAOA	0.99928
SAMD4B	0.99996
CSNK1E	0.99926
DNMT1	1.0
PHEX	0.99996
ATXN2L	1.0
XPO4	1.0
ARFGEF1	1.0
COPS5	0.99925
SPOP	0.99922
CSDE1	1.0
API5	0.99996
CUL1	1.0
DDX46	1.0
ZFHX4	1.0
GNB1	0.9992
HOMER1	0.9992
ZFPM2	1.0
AEBP2	0.99921
NUP85	1.0
CBLL1	0.99918
RNF38	0.99995
BAZ2A	1.0
JAG1	1.0
ASXL2	1.0
SP3	0.99995
SRRM1	1.0
MAML1	0.99995
CCNC	0.99914
KIF23	1.0
EZH2	1.0
RFX4	0.99999
XRCC5	0.99999
USP24	1.0
CHD3	1.0
HNRNPA1	0.99911
PPP1CB	0.99912
FLT4	1.0
UNC79	1.0
ZNF217	0.99995
EFHC2	0.9991
WBP11	0.99994
ITPKB	0.99994
CTCF	0.99994
ATP2B2	1.0
MAOB	0.99903
KLHDC3	0.99908
PRMT1	0.99907
TGFB2	0.99905
DIP2C	1.0
NFIX	0.99903
FBXL17	0.99901
WAS	0.99901
GCM1	0.999
YBX2	0.99896
TLE4	0.99999
SLC6A1	0.99993
EBF3	0.99993
MAPK8IP3	1.0
AHSA1	0.99896
PAN3	0.99999
PKN2	1.0
ABCD1	0.99896
SETD1B	1.0
CLCN4	0.99893
ARHGEF9	0.9989
B4GALT5	0.99889
MSL1	0.9989
SERPINC1	0.99892
KALRN	1.0
CASZ1	1.0
MARCH6	1.0
SFPQ	0.99992
BCORL1	0.99999
CMIP	0.99999
PPRC1	1.0
DDX26B	0.99992
C11orf30	1.0
EFEMP1	0.99992
MAPKAP1	0.99991
ATP1B1	0.99881
ELFN1	0.99882
SMCHD1	1.0
FBXW2	0.99877
GGA1	0.99992
CAMSAP3	1.0
AHR	0.99999
DMD	1.0
PPP1R10	1.0
HDLBP	1.0
ZNF609	1.0
ARHGAP42	1.0
OCRL	0.99999
RICTOR	1.0
ZNF541	1.0
FASN	1.0
ATAD2B	1.0
PCIF1	0.99999
DENND5B	1.0
HOOK3	1.0
ARHGEF2	1.0
XPR1	0.99999
INTS10	0.99999
USP3	0.99989
MARK2	0.99999
IKZF1	0.9986
CDH11	0.9999
KDM4A	1.0
RREB1	1.0
CHD4	1.0
HIPK2	1.0
NR2E1	0.99864
KPNA4	0.99989
CHD5	1.0
PLXND1	1.0
RXRA	0.99852
LRRC7	1.0
ZFC3H1	1.0
UBE4B	1.0
DOCK3	1.0
DMXL2	1.0
PELP1	0.99998
TXLNG	0.99845
UNC13A	1.0
MAT2A	0.99846
HECTD1	1.0
KCNQ2	0.99998
TANC2	1.0
PPP3CA	0.99988
LARP4B	0.99998
EPC2	0.99998
ROBO2	1.0
MAST1	1.0
POLR2A	1.0
GRIPAP1	0.99998
PSMD11	0.99987
TNRC6A	1.0
ESPL1	1.0
CUL5	1.0
FBRS	0.99987
SAP130	1.0
ALG13	0.99998
SMAD5	0.99838
GNB2L1	0.99836
SLIT2	1.0
PPM1A	0.99834
PPP4R2	0.99835
GSPT1	0.99986
PIP4K2B	0.99837
ZFX	0.99831
KANSL3	0.99998
RORC	0.99985
ZNF800	0.99985
DPF2	0.99985
APC	1.0
FKBP8	0.99825
OPHN1	0.99985
USP48	1.0
KDM6A	1.0
CAPZA2	0.99828
NPM1	0.99816
PSMD12	0.99984
ZNF131	0.99983
GPC3	0.9982
GRAMD4	0.99998
KIF2A	0.99998
FGD5	1.0
CKAP5	1.0
UPF1	1.0
UTP14A	0.99983
CHD1	1.0
ZBTB2	0.9982
CPSF6	0.99982
FAM120A	1.0
WDR43	0.99997
CUX1	1.0
ZNF865	0.99814
MAPK8IP1	0.99983
CDK19	0.99982
NFKB2	1.0
KDM5A	1.0
TEX10	1.0
KIAA0947	1.0
MDM2	0.99981
CASKIN1	1.0
MYC	0.99801
CLK2	0.99997
PAX5	0.99798
ZNF608	0.99999
DSCAML1	1.0
CCNJ	0.99796
CCNK	0.9998
TLK1	0.99999
LARP1	1.0
ARIH1	0.99997
LRRC4	0.99787
RBFOX3	0.99785
ZNF629	0.99978
KDM5C	1.0
PHF6	0.99784
DICER1	1.0
GRIN2D	0.99996
RPL5	0.99776
PHF23	0.99774
SIPA1L1	1.0
MYH10	1.0
GABBR2	0.99999
CECR2	1.0
F9	0.99776
PAK7	0.99977
USP11	0.99996
PPP1R9B	0.99975
SFSWAP	0.99999
HNF1B	0.99976
NOP2	0.99996
TMEM63B	0.99999
STAU1	0.99976
ARPC2	0.99769
CSK	0.99977
SOX9	0.99772
NCOR2	1.0
ANK1	1.0
ZNF236	1.0
ABCA2	1.0
PPP1R16B	0.99974
RC3H2	1.0
PAX6	0.99975
CENPI	0.99974
ZNF638	1.0
NACC1	0.99763
PDGFRA	1.0
CADM4	0.99762
ACVR2A	0.99972
TRIM9	0.99973
DYRK2	0.99751
TRPC5	0.99973
C7orf60	0.99746
MKL2	0.99999
GPATCH8	1.0
ESCO1	0.99995
GRID2	1.0
WEE1	0.99973
MBTPS2	0.99752
PRPF4B	1.0
ZNF654	0.99753
CHD9	1.0
KIF1B	1.0
RNF2	0.99743
DAGLA	0.99999
MNT	0.99739
PRKCD	0.99995
KDM4B	1.0
CELF1	0.99971
ANKRD28	1.0
MEN1	0.99971
SYVN1	0.9997
FZR1	0.99969
ZFP91	0.9997
ARMC8	0.99999
CAMTA1	1.0
LIN54	0.99994
TRIM71	0.99969
NKAP	0.99735
TFAP4	0.99731
ACVR1B	0.99969
PSMD4	0.99726
FBLN5	0.9997
EEF2	0.99995
ISY1-RAB43	0.9997
CFLAR	0.99967
OTUD5	0.99717
HIVEP1	1.0
GTF3C1	1.0
ENAH	0.99994
FOXO1	0.99725
TNRC6B	1.0
EEF1G	0.99967
TENM4	1.0
KLF4	0.99714
SEC24C	1.0
CTDSPL2	0.99966
JADE2	0.99994
PCGF1	0.99713
TTC28	1.0
GATA6	0.99709
SCN3A	1.0
PSME3	0.99714
TET1	1.0
NUP153	1.0
CELF2	0.99965
DDX6	0.99964
BAG6	1.0
EPHA4	1.0
MKLN1	0.99998
ZMYM4	1.0
PPP2R5D	0.99993
ANAPC2	0.99993
FOXP1	0.99998
TDRD1	1.0
MAP4K4	1.0
MAPK1	0.99698
NCDN	0.99964
BSN	1.0
ADRM1	0.99704
NCOR1	1.0
CNOT7	0.99686
MTM1	0.99961
BAZ1A	1.0
ABL1	0.99998
JAKMIP2	1.0
ZNF516	0.99992
PTBP1	0.99961
CLASP1	1.0
HTT	1.0
RELN	1.0
BRPF1	1.0
R3HDM2	1.0
MYO9B	1.0
PHF2	1.0
PAPOLA	0.99998
ZZZ3	0.99998
EIF4ENIF1	0.99999
PSME4	1.0
NCL	0.99992
GLA	0.99675
GPHN	0.99998
BRPF3	0.99998
MSL3	0.99665
PRPF8	1.0
KDM2B	1.0
AKT3	0.99958
HIC2	0.99668
PNISR	0.99998
DPP10	0.99999
MGAT5	0.99998
NKRF	0.99661
ADRBK1	0.99998
ZER1	0.99992
EXOC5	0.99991
SF3B3	1.0
SYMPK	1.0
SPPL3	0.99656
PKD1	1.0
TEK	1.0
G3BP2	0.99954
ZBTB18	0.99658
PTPN2	0.99953
ARHGEF12	1.0
LAS1L	0.99955
PLK2	0.9999
PITPNM2	1.0
IDS	0.9964
DST	1.0
DNM2	0.99998
PDS5B	1.0
PTPRT	1.0
RPL7	0.99626
TOX3	0.9995
CENPB	0.99634
SERBP1	0.9995
ZRANB2	0.99949
HCN1	0.99989
RELA	0.99948
COPS3	0.99949
TFDP2	0.9995
WDR7	1.0
TNIK	1.0
ZDHHC17	0.99989
NOL6	1.0
NOVA1	0.99621
LMTK3	0.99997
ATP5A1	0.99945
SLC7A3	0.99614
MLLT10	1.0
MLLT6	0.99997
RP11-152F13.10	0.9961
ATP2C1	1.0
RNF8	0.99943
SET	0.99597
UBE3C	1.0
SYCP2	1.0
CIC	0.99999
ACAN	1.0
SF1	0.99943
EPHB2	0.99997
CSNK2A2	0.9994
FAT4	1.0
NAP1L1	0.99941
MED12L	1.0
ALAS2	0.99586
CEP350	1.0
DDX21	0.99997
MEIS2	0.99938
MTF2	0.99987
MAP3K4	1.0
SHANK1	1.0
KLHL2	0.99985
MTOR	1.0
PACS1	0.99999
GLUL	0.9957
NAV3	1.0
NCAM1	0.99999
SARNP	0.99574
WWC3	0.99996
LRRC41	0.99986
CTNND1	0.99999
LPHN3	1.0
CNKSR2	0.99996
FXR2	0.99996
SYK	0.99986
PTPN12	0.99996
PAPD7	0.99934
PARP6	0.99996
EEF1A2	0.99558
HNRNPUL1	0.99999
ZC3H11A	0.99996
PRRC2A	1.0
XKR6	0.99934
ARID4B	1.0
EIF3D	0.99983
NDST1	0.99995
PTPRF	1.0
LPHN1	1.0
ARHGEF7	0.99995
GPKOW	0.99553
EED	0.99929
ZNF423	0.99996
CUX2	1.0
NFATC2	0.99995
STAT1	0.99999
TMEM108	0.99555
DIDO1	1.0
PHF20L1	1.0
PRDM16	0.99999
DLL4	0.99982
SEPT7	0.99924
CDC73	0.99995
JARID2	0.99999
SNRNP70	0.99926
PRRC2B	1.0
SOX5	0.99995
GRIN2A	0.99998
PLAG1	0.99532
ASAP1	1.0
CCT5	0.99928
CNOT2	0.99981
ELAVL2	0.99514
SUGP2	0.99995
RSPRY1	0.99981
USP37	0.99999
NRF1	0.99922
NFKBIZ	0.99981
RBBP5	0.99981
DSCAM	1.0
TTC7B	0.99998
PRKD2	0.99995
PAXBP1	0.99999
UNK	0.99994
KIAA2018	1.0
AP2M1	0.99919
NOS1	1.0
CBX2	0.99503
PPARD	0.99497
YAP1	0.99918
ESR1	0.9992
THRAP3	0.99998
UBE2Q1	0.99919
RNF31	1.0
NYAP1	0.99917
SCARF2	0.9998
C20orf112	0.99496
DOCK9	1.0
COL4A5	1.0
NR2F1	0.99482
WNK3	0.99999
DKC1	0.99916
SENP5	0.99978
LGI1	0.99914
BMPR2	0.99998
SMARCE1	0.99915
FURIN	0.99994
SPTBN4	1.0
RPL7A	0.99485
TENM2	1.0
ASIC2	0.99912
ACTR3B	0.99911
ARHGAP31	0.99999
SNX27	0.99977
AJAP1	0.99469
PTPRA	0.99998
GRIK3	0.99998
MAP1A	1.0
CEP170	1.0
GDI1	0.99471
XKR4	0.99912
HPN	0.99911
TNS3	1.0
MTPAP	0.99904
VDAC3	0.99454
SNAP91	0.99993
EBF2	0.99976
TAF5L	0.99904
ZBTB16	0.99907
AGO3	0.99997
PPME1	0.99904
GRIA3	0.99976
NFKBIA	0.99452
TENM1	1.0
CYBB	0.99904
SCAF11	1.0
TBX18	0.99905
SEC24B	1.0
ZNF280C	0.99899
ATN1	0.99992
EXOC8	0.99902
BHLHE40	0.99444
SH3KBP1	0.99899
SKI	0.99901
DCUN1D5	0.99432
SOGA1	1.0
CHM	0.99899
RBFOX2	0.99902
RAE1	0.99902
RUVBL1	0.99902
SMEK1	0.99992
TBR1	0.99901
PSMD13	0.99901
GLI3	0.99999
SGIP1	0.99997
FOXP3	0.99424
KIAA0232	0.99999
WDR44	0.99972
CACNG3	0.99417
SIN3B	0.99999
ATRN	1.0
KLHL15	0.99422
ACTR2	0.99896
GLYR1	0.99973
CLIP2	0.99997
PDS5A	1.0
PIK3CD	0.99999
ROCK1	1.0
SALL1	0.99971
ATXN7L3	0.99892
FGD1	0.9997
LINGO1	0.99413
TNFAIP3	0.99972
NUFIP2	0.99891
RIC8B	0.99892
IL1RAPL1	0.99886
POU2F2	0.99884
COPS4	0.99886
DNAJC13	1.0
XRN1	1.0
ANKRD12	1.0
PACSIN1	0.99887
RAPGEF2	1.0
ETS2	0.99888
HCFC2	0.99989
PAIP1	0.99884
LAMC1	1.0
SSBP3	0.99968
NEDD4L	1.0
KIAA0368	1.0
PDGFC	0.99374
KIAA2022	0.99968
IPO13	0.99998
PSMA5	0.99376
YY1	0.9938
ASXL3	1.0
PA2G4	0.99876
DLGAP2	0.99989
MPPED2	0.99349
CPSF7	0.99873
VCAN	1.0
PAX8	0.99869
PRKCE	0.99988
KCTD16	0.99329
KIF4A	0.99998
DAB2IP	0.99995
SIPA1L3	1.0
TOX	0.99869
NTNG2	0.99866
CLASP2	1.0
HERC2	1.0
DCAF8	0.9996
STIP1	0.99987
ACIN1	1.0
HSPA8	0.99863
RPL6	0.99326
SETDB1	1.0
NFIA	0.99959
RNF220	0.99958
JPH3	0.99855
CACNA1I	1.0
RFWD2	0.99994
STAT5A	0.99994
GATAD2A	0.99957
COL1A2	1.0
DMXL1	1.0
AP1G1	0.99998
OSBPL6	0.99999
USP19	0.99999
SMARCA2	1.0
ARHGAP21	1.0
CAMSAP2	0.99999
PHF1	0.99956
PRKCG	0.99985
KIAA1244	1.0
PDZD8	0.99984
BTBD11	0.99993
UNC5A	0.99983
CTDSP1	0.99254
CELF5	0.99844
RBM14	0.99843
TRAPPC10	0.99999
CYLD	0.99993
FTSJ1	0.99254
ATP9A	0.99999
BRSK1	0.99982
NFAT5	1.0
ATF7	0.9984
IL21R	0.99835
RBM39	0.99981
EIF4A2	0.99835
MORC2	0.99999
FBN2	1.0
ZC3H12B	0.99835
CSNK1G3	0.99947
PDE4D	0.9998
GNAL	0.99829
PITPNM3	0.99992
UBE3A	0.9998
ZNF512B	0.99992
BHLHE41	0.99212
SETD2	1.0
SMARCD1	0.99947
RBM27	0.99999
SLC9A6	0.99833
TOMM40	0.99218
RIMS2	1.0
ANKIB1	0.99996
CDK1	0.99206
FBXO41	0.99944
MAPK8	0.99823
GLG1	1.0
PTPRC	1.0
RASGRF1	0.99999
ACHE	0.99827
HMGCS1	0.99824
QSER1	0.99999
ATAD5	1.0
SF3B4	0.99176
DDI2	0.99819
EP400	1.0
PAPD5	0.99943
GCN1L1	1.0
CORO1C	0.99813
IL2RG	0.99152
MBD6	0.99937
ARHGAP30	0.9999
PPP5C	0.99938
LMNA	0.9994
RAB11A	0.99151
SYNCRIP	0.99939
SOX10	0.99166
BRAF	0.99995
SVOP	0.99938
HNRNPR	0.99935
RPGR	0.99804
WNK2	1.0
MAPRE1	0.99129
WDR45	0.99145
MEPCE	0.99804
BRINP2	0.99936
C11orf84	0.99142
NPAS3	0.99974
USP15	0.99997
ZC3H13	1.0
DGCR8	0.99973
CACNA1G	1.0
ING3	0.99933
CSMD1	1.0
ERCC6L	0.99932
DNAJA2	0.99796
TAF5	0.99973
C10orf12	0.99974
KIF26B	0.99999
RP11-159G9.5	0.99105
UBN1	0.99995
MTSS1	0.9997
ASTN1	0.99998
NCOA5	0.99926
OTUD4	0.99997
SORT1	0.99987
UCHL1	0.99095
LEF1	0.99789
FRY	1.0
MAP3K7	0.99971
LCK	0.99926
ZNF445	0.9997
IGF2R	1.0
BTBD18	0.99782
CHRM1	0.99059
ASH2L	0.99968
ACTN1	0.99997
ATF7IP	0.99993
ATP6AP1	0.99079
HSP90AB1	0.99923
PDE10A	0.99986
RFX2	0.9997
COPB1	0.99994
RNF111	0.99987
TBC1D10B	0.99922
WDR33	1.0
NRG2	0.99925
UBN2	0.99993
UBR2	1.0
FAM193A	0.99993
SLC6A8	0.99778
SARS	0.99925
MLLT4	1.0
SRCIN1	0.99987
CACNA1D	1.0
ST5	0.99996
MAP3K1	0.99998
IGSF1	0.99993
COG3	0.99993
JAK1	0.99998
RAB14	0.99047
EVI5L	0.99985
DYRK1A	0.99967
NEURL4	0.99999
DAB1	0.99915
KCNH4	0.99984
ARHGEF11	1.0
CCAR1	0.99999
THSD7A	1.0
SOX6	0.99984
FGFR1	0.99984
TTYH3	0.99916
ROCK2	1.0
ANKS1B	0.99998
NFASC	0.99999
WASF1	0.99757
SENP6	0.99998
CSNK1A1	0.99758
WDR48	0.99985
GCLM	0.99011
RPS8	0.99003
FAF2	0.99911
HS6ST3	0.99001
RBM4	0.99005
CSNK1G1	0.99911
ACACA	1.0
COL11A1	1.0
U2AF1	0.9899
ATP7A	0.99983
TPX2	0.99981
NUMA1	1.0
NR2F2	0.98972
TCF4	0.99981
HTATSF1	0.9974
TRAF6	0.99739
RSRC2	0.99905
SNRPA1	0.98984
SNW1	0.99961
NXN	0.99725
CCT4	0.99903
SAMD4A	0.99958
RGAG1	0.99731
ZMIZ2	0.99981
ANP32A	0.98961
GPM6A	0.98962
ITCH	0.99997
XRCC6	0.99904
AGO4	0.9999
DDX39B	0.99725
ZNF536	0.99958
HNRNPA2B1	0.99732
EWSR1	0.99981
NUMBL	0.99902
STRBP	0.99958
CPEB1	0.99899
SUV39H1	0.98957
FOXP2	0.99994
RXRB	0.99719
SP2	0.99721
AQR	1.0
SEMA3F	0.99989
SMG7	0.99998
SRP54	0.99895
KDM3A	0.99999
FRS2	0.99721
BRD2	0.99957
ADAMTS6	0.99998
GIT1	0.99978
ATP13A3	0.99998
RAB2A	0.98913
ASAP2	0.99996
PRKAR2B	0.99713
SMARCB1	0.9971
STAT5B	0.99988
HAUS7	0.98913
SYCP1	0.99997
YTHDF3	0.99704
ARHGAP44	0.99988
MAP2K4	0.99709
WDR1	0.99892
NR2C2	0.99892
ARHGAP23	0.99988
SEMA6A	0.99976
BCL3	0.98871
MGAT1	0.98879
SOCS6	0.98865
AFF3	0.99996
RP11-1055B8.7	0.99999
FNDC3A	0.99998
DPYSL3	0.99887
C17orf85	0.99949
ITSN1	1.0
NOL4	0.99949
PROX1	0.99884
CAMKV	0.99696
ZBTB38	0.99949
UBQLN1	0.99884
ATXN7L1	0.99884
LYN	0.99886
SMAD4	0.99881
BRWD1	1.0
ELAVL1	0.98849
SF3B2	0.99992
CLCN3	0.99973
SLIT1	0.99999
TUBB2B	0.9884
PHF19	0.99946
FAM135B	0.99996
FCHO2	0.99973
PRDM2	0.99996
DNAJC6	0.99986
ATP2B3	0.99945
RAPGEF1	0.99995
NTN1	0.99687
FEZF2	0.9886
FBXO32	0.99692
PTBP2	0.99883
EFNB2	0.98845
CDK17	0.99947
MAML3	0.99984
THRB	0.99676
MORC3	0.99985
RAPH1	0.99985
CREB1	0.99673
IREB2	0.99991
GDF6	0.98833
OLFM1	0.99679
SLC25A14	0.98821
SLC16A2	0.98828
TRAF3	0.99869
MAST3	0.99991
SPAST	0.99939
USP32	1.0
LRP8	0.99983
GJC1	0.98795
GABBR1	0.99991
PPP1R8	0.98791
BMP2	0.98799
P4HB	0.99662
GDA	0.99867
IQSEC1	0.99969
KPNA6	0.9994
LHX2	0.98812
NFIB	0.99861
WIZ	0.99865
ZBTB43	0.98767
BMPR1B	0.99863
TTC17	0.99996
PSMA7	0.98768
E2F1	0.9877
LIMK1	0.99937
APC2	0.99994
CSF1	0.99634
VAV1	0.99993
IGF2BP1	0.99933
UFD1L	0.99638
CDKL5	0.99932
MIER3	0.99856
CCT2	0.99853
SHROOM4	0.99965
TBX21	0.99636
HNRNPUL2	0.99979
CARD11	0.99995
PCNX	1.0
PCNXL3	0.99999
SCHIP1	0.98715
RAD23B	0.9963
PRPF4	0.9993
COL6A1	0.99995
DCLK1	0.99964
STK40	0.99624
FANCB	0.99631
SETD5	0.99997
HNRNPD	0.99621
TCERG1	0.99996
GNL1	0.99928
CPEB3	0.99846
PYGO1	0.98683
CUL3	0.9996
LZTS3	0.99616
KIF5A	0.99995
INO80D	0.99962
SAFB2	0.99979
NAA30	0.98682
PCBP2	0.99617
ZNF384	0.99842
LATS1	0.99987
MAML2	0.99987
CAMK1D	0.9962
TRIM46	0.99925
PIK3R1	0.99978
IL6ST	0.99978
ARHGAP6	0.99845
REL	0.99836
MAGED1	0.99831
GABRA2	0.99598
JAKMIP1	0.99986
PLXNA4	0.99999
CACNA2D2	0.99997
SNAP25	0.98653
CCND2	0.98658
FAM168A	0.98674
PATZ1	0.99598
DENND1A	0.99976
KDM7A	0.99986
SOX30	0.99825
WDTC1	0.99915
THOC1	0.99955
FMNL1	0.99985
MRTO4	0.98629
STK39	0.99916
IPO9	0.9999
HERPUD1	0.99582
REEP1	0.98632
GPS1	0.99819
PLRG1	0.99911
UBE2K	0.98621
PSMA6	0.98619
CNOT6L	0.99821
AGAP1	0.99984
CSNK1D	0.99577
CELF4	0.99817
RDH10	0.98594
MAP2K7	0.99552
GABPA	0.99812
KIF13A	0.99999
FAM169A	0.99907
ACTB	0.98564
NUP205	1.0
GNL3L	0.99558
PABPC4	0.99905
RALGAPA1	0.99999
FADS2	0.99815
FBXW7	0.99949
TMEM132D	0.99907
ATP11C	0.9997
CASKIN2	0.99971
NUDT21	0.98576
BACH2	0.99803
PTPRM	0.99998
HMBOX1	0.99805
SOCS7	0.99807
HNRNPA3	0.99543
MAGED2	0.99538
PTGES3	0.98536
SRSF11	0.99806
LSM14B	0.9953
NCSTN	0.99942
AIFM1	0.99795
ZNF704	0.99532
TTBK1	0.99967
PBX2	0.99532
YIPF5	0.98529
KBTBD2	0.99795
SLC30A1	0.98532
KIAA1468	0.99993
ZNF827	0.99965
PICALM	0.99896
PRKG1	0.99938
YWHAE	0.98479
CRTC2	0.99891
PSMD6	0.99518
SMC2	0.9999
THBS1	0.99985
MAN1A2	0.99892
GMEB2	0.99495
SCFD1	0.99962
TNFRSF1A	0.9949
SSBP2	0.99777
CDYL	0.99504
REV1	0.99989
POLD3	0.99776
ESRP1	0.99934
FUS	0.9993
RARG	0.99478
EPB41L4B	0.99972
NDC1	0.99932
MSI2	0.99478
RBM14-RBM4	0.98438
ZMAT2	0.98418
AZIN1	0.99485
CRIM1	0.99971
PPP1R7	0.99458
RNF40	0.99987
MTMR1	0.9976
PRPF39	0.99875
EVL	0.99761
HEXIM1	0.98396
DLG4	0.99954
KANSL1	0.99972
AMIGO1	0.98411
DAZL	0.99449
RPL3	0.99441
CAMSAP1	0.99985
MDGA2	0.99922
TLE1	0.99922
LMTK2	0.99978
HCN4	0.99867
CHMP6	0.98358
ACTN2	0.99968
HDAC7	0.99969
HELLS	0.99979
ENG	0.99858
SLMAP	0.99976
C6orf62	0.98336
CACNA1B	0.99998
KHDRBS1	0.99423
TRIB2	0.98349
VEZF1	0.99423
HERC1	1.0
CCND3	0.98347
GSPT2	0.98321
TXLNA	0.99731
MED15	0.99974
FBXL5	0.99854
PCSK2	0.99853
FOSL2	0.98293
CAMK2G	0.9991
SH3GLB1	0.99407
SLC2A1	0.9941
TAOK2	0.99976
TAOK3	0.99975
TSHZ1	0.9973
FBXO33	0.99417
YTHDF1	0.9942
YWHAB	0.98314
TMEM259	0.99408
UBA2	0.99851
RBPJ	0.99853
ITPK1	0.99389
RPS6KA5	0.99909
SHH	0.98258
PDLIM4	0.98283
SRSF1	0.98268
FOXJ2	0.99846
MEMO1	0.9939
BCL9L	0.99939
TOPORS	0.99904
IGBP1	0.98274
LRCH2	0.99713
TOMM70A	0.99841
NOVA2	0.98259
SLC38A2	0.99709
DCHS1	0.99997
SRGAP3	0.9997
PHC1	0.99938
DDB1	0.99979
PCDH1	0.99838
SCAI	0.99936
PPP4R1	0.99958
PTK2	0.99987
PLAGL2	0.98253
MEF2D	0.99705
RPL18A	0.98228
TNFSF13B	0.98193
PIM3	0.98192
GMPS	0.99825
GRID1	0.99931
HNRNPL	0.99685
NONO	0.9935
ELL2	0.99824
DNAJC11	0.99893
GRM7	0.99896
TMEM131	0.99995
LONP1	0.9993
SRC	0.99691
HSPA4	0.99954
KIAA1211L	0.99694
SPI1	0.98206
TRIM27	0.99685
CEPT1	0.99351
RPL19	0.98197
EPS15L1	0.99964
KPNA1	0.99818
CACNA2D1	0.99989
STK11	0.9934
GABRD	0.99345
EIF5B	0.99981
UHRF2	0.99928
CELSR3	0.99998
BRD1	0.99949
KLF7	0.98178
RAB11FIP3	0.9982
RABL6	0.99817
GRAMD1B	0.99929
PUF60	0.99677
FBL	0.99319
TBX2	0.99329
ZRANB1	0.99885
ATP2A2	0.99945
FLT1	0.99983
ACTL6A	0.99665
HERC4	0.99961
AKAP4	0.99323
JADE1	0.99885
TRA2B	0.99312
BCAR1	0.99808
ADD3	0.9988
PSMC6	0.99662
POLR1B	0.99946
PRPF40B	0.99963
ASTN2	0.99971
GRIA2	0.99916
LNPEP	0.99957
RLIM	0.99301
RASIP1	0.99803
NAV2	0.99995
ILF2	0.9965
NUS1	0.98117
NPTN	0.99304
WT1	0.99648
CLOCK	0.99957
KCNH3	0.99919
TOP2B	0.99989
DCTN2	0.99653
NCOA1	0.99981
RHEB	0.98119
ANKRD34A	0.98103
HDAC9	0.99973
ANKRD13C	0.99793
WWP1	0.99966
ZNF319	0.99285
WDR18	0.99271
CBX8	0.9927
LENG8	0.99938
KAL1	0.99793
LRRC8B	0.99619
ZBTB21	0.99778
MORC4	0.99783
ARHGAP29	0.99964
NELL2	0.99952
PDE8B	0.99905
ZNF281	0.99624
ARFGEF2	0.99993
PHF13	0.98042
INPP4A	0.99952
MUC5B	0.99999
KDR	0.99982
BAI2	0.99982
NLGN4X	0.99267
LRP2	0.99999
CHRM3	0.99253
PITPNC1	0.99252
ZNF496	0.99624
USF2	0.99253
PDIA3	0.99608
FLNC	0.99994
MTMR4	0.99959
TRIP13	0.99606
ACE2	0.99769
KIRREL	0.99855
CELSR1	0.99994
HGF	0.99947
RYR2	0.99999
TM9SF4	0.999
FAM160B1	0.99898
SYN1	0.99216
CAD	0.99993
FAF1	0.99895
FNIP1	0.99957
ETF1	0.996
INHBA	0.97979
SLC30A10	0.97952
STT3B	0.99896
MRC1L1	0.99765
MEX3A	0.97977
CAMK2A	0.99845
INTS3	0.99972
RNPS1	0.9798
NFE2L1	0.99759
SLC6A3	0.99758
CELSR2	0.99994
TFAP2D	0.99199
PIK3CB	0.99964
ZC3H12C	0.99838
DOPEY1	0.99993
ZMIZ1	0.99937
ZYG11B	0.99836
SKIDA1	0.99193
SEPT9	0.99579
SCUBE3	0.99939
KLF6	0.97946
SFMBT2	0.99939
DNM1	0.99917
ZNFX1	0.99983
RBBP4	0.99565
LEMD3	0.99877
RUSC2	0.99949
AKAP6	0.99983
TMEM132B	0.99876
RBM15B	0.99557
ZNF644	0.99914
AUTS2	0.99934
SIM1	0.99828
FAT3	0.99995
TP53BP1	0.99985
HECW1	0.99982
NEGR1	0.99173
XPO5	0.99971
SVEP1	0.99995
SCAF1	0.99819
DLGAP1	0.99875
DLX2	0.97847
TTYH1	0.99539
CSNK1G2	0.99138
RAB35	0.97845
PIAS2	0.99718
ADCY5	0.99928
GRM5	0.99872
BOD1L1	0.99985
PTPRS	0.99983
EDNRA	0.99158
NRXN1	0.99964
ARHGAP32	0.99978
FRMD5	0.99724
VPS54	0.99929
UBE2R2	0.97816
AMMECR1L	0.9913
CCT6A	0.99532
TCFL5	0.99128
PBX1	0.99527
TCP1	0.99527
IRF1	0.9909
PRKAG2	0.99692
LRP12	0.99799
EBF1	0.99697
FAM131B	0.99092
SOS2	0.99955
RAD21	0.99701
MOSPD2	0.99105
STXBP5	0.99956
KCNJ3	0.99108
POLR1A	0.9998
TP73	0.99696
CWC15	0.97769
NDFIP1	0.97747
EPHB1	0.9985
PHLPP1	0.99927
MAGI2	0.99943
PPP2R2A	0.99495
ZNF618	0.99842
HECW2	0.9997
USP1	0.99691
PHACTR3	0.99687
FBXL20	0.99691
BRD7	0.99774
MTMR3	0.99937
CDK16	0.9948
HMGXB3	0.999
MARK4	0.99777
FAM208A	0.99954
CALD1	0.99879
PPP2R4	0.99057
DLC1	0.99948
ELF2	0.99482
LIN9	0.99771
NRG1	0.99665
NRXN2	0.99934
GRIA1	0.99869
STMN2	0.97687
TSKS	0.99652
IRF2BP1	0.99024
TMEM57	0.99757
NTRK3	0.9983
TFAP2B	0.99023
DKFZP761J1410	0.99025
DEF6	0.99768
MKL1	0.99768
SMAD2	0.99661
MBD3	0.9765
CBX1	0.97622
HMGCR	0.99861
PLAGL1	0.9764
TRIM8	0.99438
SLC8A2	0.99633
DSP	0.99978
PPP1R37	0.99448
OSBP	0.99855
PITX2	0.97618
ADCY2	0.99898
DAAM1	0.99918
DOCK2	0.99969
TTBK2	0.99875
DUSP6	0.97603
RPS6	0.9759
EXT1	0.99732
PHF20	0.99875
RPS18	0.9759
STXBP5L	0.99926
TFAP2A	0.98964
PCNA	0.97606
YLPM1	0.99965
ERF	0.98968
CIT	0.9997
GNAO1	0.98963
MKRN1	0.99421
NR5A1	0.9896
ZBTB1	0.99407
KCNB2	0.99613
KCNC1	0.98957
GRIK2	0.99841
PKNOX1	0.99401
RELB	0.994
ARRB1	0.99394
CAMTA2	0.99918
RAB8A	0.97543
RAN	0.97576
ATG4A	0.98953
PLXNA1	0.99951
CBX6	0.97568
DLG5	0.99948
PHF8	0.99785
DDX4	0.99826
OPN1LW	0.97535
PPP2CA	0.9893
PTGS2	0.99597
TPP2	0.99912
HUNK	0.99589
AP1B1	0.99828
AP2B1	0.9983
CBFA2T2	0.99585
ARHGAP5	0.99862
DBN1	0.99705
MSI1	0.99357
TENM3	0.99955
FCHO1	0.99845
HSPH1	0.99822
ST7	0.99703
TEAD3	0.99362
ITGB8	0.99767
SMAP1	0.99357
CCNL1	0.99575
SLC9A7	0.99352
EYA3	0.99702
VRTN	0.98901
CTDNEP1	0.97468
RRAS2	0.97463
NFATC3	0.99813
FBXO38	0.99879
MORF4L1	0.99339
CHRM4	0.97439
HECTD2	0.99806
SBF1	0.99933
SLC44A1	0.99676
NKD1	0.99344
GNB2	0.98876
FAM135A	0.99893
ARPC4	0.97453
NMNAT2	0.98853
NMT1	0.9955
ERBB4	0.99912
SESTD1	0.99802
ATRNL1	0.99915
PAPOLG	0.9979
DIP2B	0.99924
GIT2	0.99793
NCOA6	0.99913
AMOT	0.99666
PSIP1	0.99668
PDHA1	0.98842
CBLB	0.99825
EDA	0.97391
SLC4A8	0.99849
HDGFRP3	0.9738
RABEP1	0.99851
IWS1	0.99727
AGAP2	0.99816
TP63	0.99728
SLC7A1	0.99291
FOXO3	0.98806
ZIC2	0.97362
ROR1	0.99645
SMAD1	0.98803
PPARGC1A	0.9973
MMP14	0.99522
SRGAP1	0.99845
CNNM2	0.99521
MEGF9	0.9881
GANAB	0.99873
RBL2	0.99835
RPS6KA4	0.99715
LRFN3	0.97322
APEX2	0.97302
MBD1	0.99717
HSPD1	0.99257
MPP1	0.9877
STX1B	0.98766
ACRC	0.98788
SWT1	0.99759
LPCAT3	0.99508
ATP6V0A1	0.99797
ATP6V0D1	0.98763
CPE	0.99233
DPP8	0.99791
PPP1R13B	0.99811
RALA	0.97289
TERF2	0.99237
SAE1	0.9876
INHBB	0.97287
WNT5A	0.98732
TRIM39	0.99474
L3MBTL3	0.99744
GPRASP2	0.98751
LSAMP	0.98742
SRPK2	0.99697
PABPC1	0.99601
FOXJ3	0.99598
NABP2	0.97257
GRHL2	0.99683
GTF2I	0.99592
FGFR2	0.99731
HNRNPH3	0.99221
TRIM2	0.99603
TGFB3	0.98727
SLC8A1	0.9957
APPBP2	0.99567
HSP90B1	0.9972
RAB10	0.97213
FBXO28	0.98681
SUGP1	0.99568
CHAMP1	0.99197
ODF1	0.9721
LSM12	0.97211
MCMBP	0.99565
MYO16	0.99851
ADCY1	0.99747
DCAF15	0.9942
FRYL	0.99727
RPL15	0.97146
COPS6	0.98666
PKNOX2	0.99174
RBPMS	0.97173
RPS10	0.97108
TCF7L2	0.99537
ATAD2	0.9982
SPRY2	0.97126
PLXNC1	0.99811
SLC4A4	0.99722
OMG	0.97114
GMDS	0.99132
TAF7L	0.98636
BANP	0.99388
CDC27	0.99675
RFX1	0.99724
DPYSL2	0.99375
SPIN1	0.97049
PPP1CA	0.98588
TAOK1	0.99787
FBXO42	0.99503
FBXO45	0.97063
KCNH2	0.99593
LMX1A	0.99114
OGDH	0.99728
SLTM	0.99785
FMN2	0.99772
ADD2	0.9961
KCNN2	0.99099
VWC2	0.97088
ERP44	0.99106
IQGAP1	0.99754
QRICH1	0.99576
SSRP1	0.99585
EIF3G	0.98546
RQCD1	0.98565
FAM193B	0.9933
DAPK1	0.99767
AFF2	0.99577
TARDBP	0.98542
ADAM23	0.99709
MTMR12	0.99638
NR0B1	0.97025
PTK7	0.99721
ZNF770	0.99077
FHL1	0.96979
RPS3A	0.97002
PSMB1	0.96996
NASP	0.99553
ARID3A	0.99065
RBM15	0.99474
GNA12	0.96994
ARHGAP26	0.99661
DCUN1D1	0.98526
KDM1A	0.99667
KCNMA1	0.99731
XPOT	0.99711
SETD8	0.98528
INTS2	0.99698
AC005358.1	0.99303
GRHL3	0.99292
PRR14L	0.99705
BAP1	0.99443
PSPC1	0.99013
ARNTL	0.99444
ZFHX2	0.99711
GTF2A1	0.99038
CEP170B	0.99671
HAS2	0.99013
PDZD2	0.99694
PRICKLE2	0.99544
RAB7A	0.96933
SIK2	0.99651
FAM196B	0.98467
TESK1	0.99255
CTBP1	0.98442
AGFG1	0.99276
SART3	0.99661
PSMA3	0.98462
SLC39A10	0.9927
ATP6V0B	0.96895
SSH2	0.99684
FOXJ1	0.96901
ZNF710	0.99003
FYN	0.99406
CNP	0.98405
PACS2	0.99583
RAPGEF6	0.99644
CLCN5	0.99242
PIK3C2B	0.99651
ARNT	0.99581
TLN2	0.99231
NRIP1	0.99394
KCND3	0.98972
LRCH1	0.99552
PTPN4	0.99663
ZNF182	0.98405
ASB7	0.98395
YEATS2	0.99639
STRN4	0.99376
CUL9	0.99191
NAA15	0.99578
DCAF8	0.99521
EML1	0.99608
RBBP7	0.98393
FLI1	0.9894
TMEM185B	0.96815
ADAM17	0.99528
DENND4A	0.99627
IVNS1ABP	0.99442
FIGN	0.98917
MICAL3	0.99499
CRMP1	0.99173
AHCYL1	0.99429
KCNA4	0.98327
TBX3	0.98907
SLC1A3	0.98914
EHD1	0.98342
PLCG2	0.99562
CDK6	0.98315
COL12A1	0.97361
USP10	0.99411
BCL11B	0.98881
DBF4	0.99296
MFN2	0.99415
RIBC1	0.983
PLS3	0.98844
ARIH2	0.99374
PYGO2	0.96676
DCC	0.99448
CDC42BPA	0.99309
LASP1	0.9827
DIAPH2	0.99443
SP4	0.99288
KIAA1429	0.99438
FZD5	0.98255
SHE	0.9885
RND3	0.96682
ATF2	0.99131
DDX1	0.99449
LEPR	0.99475
CLUH	0.99474
PPP6R3	0.99487
ST18	0.99459
RPL18	0.96644
MAP4K5	0.99469
RAC2	0.96627
PSMA1	0.98251
PSMA2	0.98234
PTP4A2	0.96626
PTCHD1	0.98224
AMD1	0.98227
AF196779.12	0.96638
BRINP1	0.99251
PUM2	0.99492
ERBB2IP	0.99402
PLXNB2	0.99234
TSHZ3	0.99053
PSAP	0.99051
SP8	0.9658
CBX4	0.98196
C9orf172	0.98777
CHUK	0.99403
GRM4	0.99307
DPF1	0.99049
GTF3C2	0.9944
RAB11FIP4	0.99199
E2F7	0.99317
NISCH	0.99443
ZCCHC2	0.99376
EIF5	0.98758
RIMS1	0.9902
SENP1	0.99358
GRIK5	0.99425
IRAK1	0.98774
KIF5B	0.99427
ZFP36L2	0.966
GALNT13	0.99066
LOX	0.98769
PAK3	0.98716
IRS2	0.99032
PHF3	0.99256
PTPRZ1	0.98997
IKZF2	0.98731
REST	0.99186
UBE2D2	0.96547
ARRDC3	0.98715
DLG1	0.99393
TMEM201	0.99004
CTPS1	0.99259
MEF2A	0.98706
MYO18A	0.98723
DDX3Y	0.96494
KCNJ4	0.9649
DLGAP4	0.99248
KIF3C	0.99153
SYT2	0.98133
UBE2I	0.96496
TNRC18	0.99093
SIPA1L2	0.99215
RC3H1	0.99309
PITPNB	0.981
ATP6V1B2	0.99154
RAPGEF4	0.99218
KLF12	0.98067
TOP2A	0.99086
SFRP1	0.96457
LHX9	0.98062
FBXL3	0.9807
BAZ2B	0.98162
EPB41L2	0.99318
GK	0.98937
FAM60A	0.96459
FMNL2	0.9932
ULK1	0.99318
MLLT1	0.98669
NSDHL	0.96393
RYK	0.98922
CACNG8	0.9638
CDC23	0.99175
CXorf22	0.98906
HNRNPF	0.96415
C16orf72	0.98049
CNTNAP5	0.99167
DHX37	0.99252
YWHAG	0.964
ZBTB10	0.99067
CMTR1	0.99252
NRK	0.99274
NF1	0.90175
TFE3	0.97985
PDPK1	0.98013
CDH2	0.99171
DENND4B	0.99098
IKBKB	0.99192
UBE2E2	0.96378
CYP26B1	0.97987
AHCYL2	0.99127
MAP7D1	0.99199
FST	0.98014
MCL1	0.96349
ARNT2	0.99142
LDB1	0.98529
DNAJC7	0.99007
ZZEF1	0.83468
SLC6A6	0.98987
GMEB1	0.98549
SLC40A1	0.98835
GTF2H1	0.98982
RAB3GAP2	0.98674
AR	0.98837
SRSF3	0.96323
RCOR3	0.988
ZNF331	0.97927
GNAZ	0.96272
IGFBP5	0.96283
FAM50A	0.97913
RBM47	0.98493
CREB3L1	0.98488
PGD	0.98788
UPF3B	0.98497
DNAJC2	0.99102
BEND4	0.98484
GATA2	0.97927
SPATA2	0.97889
TUBB	0.97889
TSPAN14	0.97908
RAI14	0.99122
SCML1	0.96276
PPM1E	0.98758
DLX1	0.96232
STIM2	0.9906
PPEF1	0.9873
EEF1A1	0.97863
TRIM3	0.9893
STX1A	0.9785
ARHGEF17	0.98445
ERN1	0.99027
FAM160A2	0.99023
RPL9	0.96197
SPEG	0.92315
FBXO3	0.98916
SATB1	0.99051
PPP2R2B	0.98467
TERT	0.99046
PRLR	0.98732
KAT2B	0.98975
MLXIP	0.98932
AKAP13	0.92909
PHF21B	0.98689
IL1RAPL2	0.98424
ERC2	0.98931
ZNRF3	0.98884
ATP13A1	0.98939
IKZF3	0.98416
UVRAG	0.98942
OPA1	0.98636
MYO5A	0.944
RBM20	0.98954
CDH8	0.98806
KIAA1549	0.98607
LARGE	0.98934
MAP4K1	0.98919
RGS19	0.96134
ATG5	0.97758
GOLGA2	0.98756
HNRNPC	0.97772
PURG	0.961
RPS6KA6	0.9865
KCNV1	0.97796
SEC61A1	0.98675
TSC22D4	0.96057
STAT6	0.98849
FBXO22	0.97746
ELF3	0.98323
NDEL1	0.98351
PIGA	0.96072
SH3PXD2A	0.98897
PPAT	0.98606
AP3D1	0.98648
BCR	0.98761
PLCB1	0.98337
KCMF1	0.97719
RPL11	0.96088
SETX	0.95483
ZNF532	0.98896
ADD1	0.9883
EFNA5	0.96051
NUP188	0.95428
SCAMP1	0.977
SLC38A5	0.97676
RTN4RL1	0.96024
SYNPO	0.98573
CSNK2A1	0.98711
SEC62	0.98295
C18orf8	0.98823
CYP46A1	0.98552
RTN1	0.98593
HDAC8	0.97707
TBX22	0.97704
LATS2	0.98807
C2CD2L	0.98718
PWWP2A	0.98292
GDF11	0.97645
PSMD14	0.97662
HSF5	0.98254
SEPHS1	0.97637
DPP9	0.98708
C7orf26	0.97647
H2AFY2	0.97635
SF3A1	0.98752
CALCRL	0.9853
ARF4	0.95992
CNBP	0.95994
ZBTB34	0.97657
GON4L	0.9515
SMG6	0.98164
SRSF7	0.98203
ETV3	0.97596
KIAA1239	0.98388
FAR1	0.98504
SLC4A2	0.98521
RTN4R	0.95882
NRP1	0.98584
FOSB	0.97553
REXO1	0.9864
RELL1	0.95869
PTGER4	0.9755
HP1BP3	0.98422
MALT1	0.98651
BAHD1	0.98547
PPP2R5B	0.98416
AKAP11	0.97878
EOMES	0.98443
RRAGC	0.97538
PSMB5	0.95893
ANTXR1	0.98631
SRF	0.97545
REPS1	0.98506
TOPAZ1	0.97746
SND1	0.98213
ILKAP	0.98116
DAG1	0.98117
PIAS3	0.98499
ZNF24	0.98114
CCT7	0.98362
CPEB4	0.98555
SKIL	0.98512
DOCK4	0.82562
ELL	0.98542
KLHL29	0.98532
CTC-432M15.3	0.96338
GNAQ	0.98069
IRX5	0.9747
KIAA0922	0.95975
SNX2	0.98462
HSPA12A	0.98436
CYFIP1	0.96816
TWF2	0.98055
MPRIP	0.98078
FOXF1	0.95792
MAP3K3	0.98535
LPGAT1	0.98041
FAM171A1	0.98528
PRPF31	0.98313
DYNC1LI2	0.98346
ABHD17C	0.95762
CHMP4B	0.95771
NCAPG2	0.97764
EGLN1	0.97403
RS1	0.95743
CS	0.98402
UBQLN4	0.98252
PCGF5	0.98007
CSTF3	0.98279
GGT7	0.98393
SEL1L	0.98233
PRMT8	0.98023
PDZRN3	0.98471
SUCO	0.97455
PPP2R1A	0.98389
GAB2	0.98325
GLRA2	0.97334
MID1	0.97967
PSMB3	0.95656
EEA1	0.92875
MYT1	0.97791
PPP6R1	0.98287
SPRTN	0.97354
TIAM1	0.95662
GLTSCR1	0.98349
PANK4	0.98325
TLR7	0.97912
RAPGEF5	0.98099
ANKRD50	0.9792
BICD2	0.98272
FGF17	0.95609
ANAPC1	0.94532
RFC1	0.97305
MET	0.96998
ZNF711	0.97887
SENP2	0.98262
KIT	0.98087
SMS	0.97297
CDC34	0.95625
C3	0.90421
CNOT10	0.98194
ATXN1L	0.97897
NR6A1	0.98169
KLHL10	0.97852
VDAC1	0.97266
LRRC4C	0.97233
IGF1R	0.96799
ITGB1	0.98208
GABRB1	0.98116
ADCY9	0.97943
KCNQ5	0.98011
INPP5D	0.97198
FOXP4	0.98242
RP2	0.95597
ACSL4	0.98103
PARD3	0.95577
SS18L1	0.98229
INF2	0.97346
KCNK9	0.95519
SEMA3A	0.9779
AGPAT1	0.97215
HOXA13	0.9551
TSHZ2	0.9814
RPL8	0.95531
TDRD5	0.97247
DRD1	0.9555
NAF1	0.97793
PDE4A	0.98167
MITF	0.98119
INPP5A	0.98121
AHNAK	0.89827
ATL1	0.98109
C16orf70	0.98056
SPDEF	0.97178
NKTR	0.94032
CLSTN1	0.97757
SCN5A	0.91291
GRIN1	0.97629
HSPE1-MOB4	0.9709
MCM6	0.97833
SNPH	0.97082
OTUB1	0.97107
RNF145	0.98031
MTSS1L	0.97998
RPS7	0.95439
NAMPT	0.97914
HIF1A	0.9777
XAB2	0.97281
PTPRK	0.90291
HNRNPH2	0.95448
PCDHGC4	0.98025
ATP5B	0.97679
TBL1X	0.97946
ZBTB17	0.97933
GLI2	0.97303
DCAF12L1	0.95405
OSBPL9	0.97558
CDC40	0.97944
MAGEE1	0.97046
NODAL	0.97028
ABHD8	0.97027
EIF2S1	0.97031
EIF3F	0.97044
NLGN3	0.97641
PLK1	0.97851
SLC12A2	0.96153
NXF1	0.9763
XK	0.95373
FAM49B	0.97612
SLC9A3	0.97845
TOB1	0.95365
ADAMTS2	0.9661
EPS8	0.97308
TCOF1	0.9541
MDGA1	0.97574
NNT	0.97271
FOXC1	0.95337
CAPRIN1	0.97247
KIAA0355	0.97288
FBXL16	0.96981
FAM155A	0.97586
WASF2	0.97567
ZCCHC14	0.97852
ZXDB	0.95266
LRRTM3	0.97519
SCRIB	0.92926
SRGAP2	0.97679
ANKFY1	0.95629
NUCKS1	0.96937
RUNX1T1	0.97768
MAGEL2	0.97506
LRRC8D	0.97752
PLCB3	0.93999
FZD4	0.96962
EGR3	0.95288
SCD	0.96968
CXorf56	0.95204
SCUBE1	0.96076
HLF	0.95215
TBCEL	0.97472
LIMCH1	0.94734
PIP5K1C	0.97704
CTNNA1	0.96962
PTK2B	0.93536
HIVEP3	0.90584
VPS35	0.96921
ZNF512	0.9765
ARHGAP4	0.97693
ABCE1	0.9738
SEMA4D	0.97472
DGKI	0.93134
FBXO21	0.97537
RNF41	0.96847
MCF2	0.9718
FBXW11	0.97611
INTS8	0.9439
SQLE	0.97594
CNIH2	0.95171
HSF2	0.97536
PAN2	0.93596
TAF1L	0.96182
TUBA1B	0.96767
FAM65A	0.949
TUBB3	0.96761
TBX20	0.97302
PRDM11	0.97355
HMGB2	0.95087
MOB1A	0.95091
KLC2	0.97506
G2E3	0.97083
CLSTN3	0.97016
SPHKAP	0.93594
AKT1	0.9759
NKX2-3	0.95047
YPEL2	0.95044
KBTBD6	0.97282
RPL13	0.95062
CAPN15	0.96857
ATXN1	0.97498
EMX2	0.9507
MGEA5	0.96569
PATL1	0.964
BRD3	0.97468
IP6K2	0.973
RASGEF1A	0.97444
RAP1GAP2	0.96928
USP5	0.96396
ZBTB20	0.97382
ATG9A	0.97081
RPS6KB1	0.97285
ANO8	0.95634
TUBA1A	0.96654
VPS26B	0.9665
RNF165	0.97194
NUP62	0.95006
SLC32A1	0.96675
ZEB1	0.96665
TAF12	0.95008
TRIM41	0.97384
DMTF1	0.96706
KIRREL3	0.96992
ETV6	0.9735
PSEN1	0.97322
TFDP1	0.97174
JMY	0.96031
NPAS4	0.97335
PRKACA	0.97142
RASGRP1	0.96554
G6PD	0.97158
STAU2	0.97269
KCNN3	0.97227
HSPA9	0.96852
ZBTB12	0.94882
RBM41	0.96551
STAT2	0.93065
ELOVL6	0.96581
PPP2R5C	0.97071
SPATS2	0.97239
ZNF687	0.97101
USP12	0.97053
NPAS1	0.97067
SYNRG	0.93079
SPRED1	0.97246
ATG16L1	0.96452
SULT4A1	0.96563
NR3C1	0.96958
BRS3	0.94849
DIAPH1	0.91507
WNT3A	0.96491
HIAT1	0.97172
GPRIN1	0.97001
RGL1	0.95608
LRRN1	0.96996
FBXO5	0.96995
PAK2	0.97169
BEGAIN	0.97002
CCNE1	0.97187
KIAA0907	0.96921
CORO1A	0.97024
PPIG	0.96292
ECE1	0.95987
RANBP10	0.96855
APBB1	0.96811
CLCF1	0.94791
GATA1	0.94798
MTF1	0.96897
PIM2	0.94801
BCL11A	0.96998
FAM46C	0.94762
IDS	0.94725
SHB	0.96874
COL4A6	0.89901
SERPING1	0.96351
RPS5	0.94764
EIF2S3	0.96388
OFD1	0.95968
SIX3	0.94714
RBX1	0.94689
DYRK1B	0.96905
CCAR2	0.94099
ZC3H7B	0.92932
FGF9	0.94704
PRKRIR	0.96834
PVRL2	0.96926
CLTA	0.96319
SH2B1	0.96861
GLS	0.96154
ZKSCAN1	0.96937
SEMA6D	0.93948
IL13RA1	0.96333
ZCCHC8	0.96584
MAP3K8	0.96825
BABAM1	0.96269
TSC22D2	0.96853
RAB3A	0.9463
ZNF483	0.96736
CFH	0.86061
SFMBT1	0.93588
SLC5A3	0.96739
SLC5A3	0.96739
CDK13	0.90753
IGSF9B	0.86551
ACAP2	0.92325
MAP2K2	0.96673
PDCD10	0.96197
DIS3L2	0.944
PDGFRB	0.9041
C19orf68	0.96181
ZFYVE9	0.90244
UTY	0.96681
NCKAP1L	0.85489
BNC1	0.96479
LRRC25	0.945
ABLIM1	0.9301
LHX6	0.96572
SLC20A2	0.96545
CLPTM1	0.95767
TRIM67	0.96542
CDC37L1	0.96614
MAGT1	0.96138
NKX2-5	0.94531
DCLK2	0.95706
CALM1	0.94473
ELFN2	0.96483
SLC41A2	0.96597
ACTR1A	0.96621
GEMIN8	0.94464
ATG13	0.96359
CCT8	0.96252
ATXN7	0.9595
PITPNA	0.96513
DYNC1LI1	0.96348
TSC22D1	0.9599
R3HDM1	0.86068
FJX1	0.94412
FAM65B	0.92284
RPS11	0.94396
SKIV2L2	0.86106
MAK16	0.96452
HOXA11	0.94342
DEDD	0.95912
ZBTB7A	0.95915
BRSK2	0.95141
CDKN2AIP	0.96386
ERG	0.96413
CRK	0.95936
SYT7	0.96342
TMEM164	0.94373
FOXG1	0.94355
GTF2IRD1	0.90039
CACUL1	0.96315
RAB6B	0.95879
RARA	0.96305
BCL6	0.96038
IPMK	0.96258
HNF1A	0.96115
UNC5D	0.92929
PPM1G	0.9604
POFUT1	0.96303
ZNF296	0.95906
PRCC	0.96281
VMP1	0.96271
EIF2B4	0.96117
ADAMTS10	0.84288
ANO1	0.87426
CBFB	0.9589
ARAF	0.96322
ARF5	0.94298
DSG1	0.92688
HHIP	0.95436
USP33	0.86249
ANP32B	0.95827
HYOU1	0.86105
RGS7BP	0.95778
EYA1	0.94588
ZCCHC24	0.942
SPECC1L	0.85887
KPNA3	0.95357
DERL2	0.9574
NEUROD2	0.94202
OTUD7A	0.95249
PRDM1	0.9565
SKP2	0.96042
ATXN2	0.85289
ELMO1	0.89997
CCDC132	0.8139
RCC2	0.95567
BMP4	0.9564
GSK3B	0.95571
SMURF2	0.87235
CTLA4	0.94085
SNX18	0.95637
SEPT11	0.95924
MSH2	0.89539
HK1	0.91459
TOX4	0.95637
CSRNP2	0.96015
SP9	0.94003
ALDH1A1	0.95448
AGAP3	0.91091
CCDC64	0.94786
ILDR2	0.95385
GRB10	0.93945
PURA	0.94029
INCENP	0.88595
ARHGAP25	0.94635
PPP1CC	0.95777
RBFOX1	0.95263
XYLT1	0.92418
TMEM178B	0.95458
PSD	0.90358
KLHL3	0.94479
SPTY2D1	0.94476
C1orf226	0.939
ANGPT1	0.95208
ATG4B	0.95648
SLITRK1	0.95737
SART1	0.88163
RBMX2	0.93892
ANKS1A	0.80916
KCNMB4	0.93853
PSMC3	0.9547
CDH6	0.91966
FBLN1	0.91878
GFPT1	0.89953
STX12	0.95624
TMEM39A	0.95467
SIX2	0.93869
NUTF2	0.93864
RNF126	0.95379
DDHD1	0.902
TIPRL	0.95372
PCGF3	0.95326
FGF10	0.93779
IFNGR2	0.95281
RUSC1	0.9413
SOX13	0.94185
ZBTB37	0.95517
BICC1	0.83685
CNTFR	0.95549
ZMYND19	0.95174
LDB2	0.9546
DDA1	0.93718
LZTS1	0.95491
PHOX2B	0.93755
SLITRK3	0.93906
BNC2	0.92762
GPR64	0.92694
HPRT1	0.93728
RAB6A	0.95237
GABRB3	0.95138
ELK1	0.93711
SLC35F1	0.95133
LCP2	0.92466
CSTF1	0.95401
RALGDS	0.88814
POU5F1	0.95371
SIK1	0.93716
XYLT2	0.92576
AC006486.9	0.93701
HOMER3	0.95363
BCL2L1	0.93667
GAB3	0.9536
EIF2S2	0.95327
SYT14	0.94463
ZC3H14	0.88291
EBP	0.93645
FEZF1	0.95043
HSD17B10	0.93604
CLPX	0.92377
CDC14B	0.94308
EPB41L1	0.87683
RPS10-NUDT3	0.95186
MOV10	0.80908
HMBS	0.94884
HORMAD1	0.94885
POU2F1	0.90229
PRPS2	0.93544
RAP1GDS1	0.93288
PMEPA1	0.93577
RUNX2	0.94884
ALKBH5	0.94974
PFDN6	0.93592
SNX1	0.93179
ASIC1	0.93017
COPZ1	0.94896
IRF8	0.94807
PCDHAC2	0.93114
LYPLA2	0.94955
LRRC1	0.93181
MAP3K13	0.80051
OXR1	0.84148
P4HA1	0.93166
NTN4	0.91585
KIF3A	0.89775
FNTA	0.94721
PI4KB	0.86607
CXXC1	0.89506
CD86	0.94879
MAF1	0.94812
VASP	0.94665
HERPUD2	0.94702
LARP4	0.86884
LCOR	0.95022
C6orf136	0.94895
CCNT2	0.92681
USP49	0.93828
NUPL1	0.92697
ASUN	0.86229
RNF214	0.9096
EIF3I	0.9493
SGMS1	0.94507
VPS4A	0.94474
BZW1	0.94418
ETV1	0.93694
BECN1	0.93717
BEND3	0.93555
LRRC8A	0.94398
RNF144A	0.94776
TRAM2	0.94418
STK38L	0.93427
EXOC3	0.92216
DCAF7	0.93284
USP14	0.90546
LHX5	0.94591
RDX	0.85245
E2F3	0.9458
FOXN1	0.94214
SGTA	0.94632
ZNF503	0.94589
RASSF8	0.94158
CD22	0.8044
UGCG	0.94147
ZNF146	0.93205
YBX1	0.94646
SLC25A5	0.93194
RPS4X	0.93222
HNRNPLL	0.91907
SLC4A1	0.84602
RAP1GAP	0.84376
MAP4	0.84782
EFNB1	0.93251
RASGEF1B	0.92073
EMD	0.93178
EN1	0.93135
MMP16	0.91797
CBX5	0.93174
LEO1	0.87094
S100PBP	0.94509
ARID5A	0.94518
MRGBP	0.93142
LHFPL3	0.93153
NR3C2	0.83739
SLC38A1	0.93067
HOXA3	0.9445
GTPBP1	0.93001
RAB11FIP2	0.94451
SREK1	0.9148
DNAJB14	0.93874
MAZ	0.94363
MRC1	0.94335
PCDH10	0.89066
BMI1	0.94286
SYAP1	0.94312
ASNA1	0.94316
STRN3	0.82925
KLHDC10	0.92564
MYB	0.81924
TBC1D30	0.88919
TRAF4	0.93602
UBFD1	0.94238
HSP90AA1	0.86025
COLEC12	0.90761
ARL8A	0.94173
ZNF362	0.94115
EIF4E	0.94133
LCORL	0.92374
ST3GAL2	0.9417
RNF19B	0.92372
RAF1	0.85295
ELOVL5	0.93341
SLC24A3	0.87946
JMJD6	0.93353
PLP1	0.92845
CADM3	0.93386
SPCS2	0.92879
UBE2H	0.94063
BMPR1A	0.90333
PSMC5	0.93308
CD19	0.90496
FLT3LG	0.9404
WWTR1	0.93914
ZNF326	0.90182
KCNQ3	0.80089
CALM3	0.92749
GID8	0.93963
RCC1	0.93109
YWHAZ	0.93965
GRB2	0.93934
SUV39H2	0.92921
OSBPL11	0.83432
MIER2	0.89593
UBE2Z	0.93838
NFATC4	0.8679
NTNG1	0.9167
ATP6V1A	0.86801
TMEM194A	0.91617
RNF103	0.89697
WSB2	0.92938
FNBP1	0.82844
PPTC7	0.93813
CANX	0.86635
KDM5D	0.92793
CRTC3	0.86585
SOX4	0.92656
TNFRSF8	0.86407
MAP2K6	0.91334
FAM83H	0.89239
NXPH2	0.92646
ZNF628	0.91268
FAXC	0.93484
SEPT5	0.92671
RAVER1	0.91101
IL7	0.92574
ALYREF	0.92567
ETNK1	0.92558
NR4A3	0.9126
PARD6B	0.92583
RAB5C	0.93717
CCNB3	0.8585
TRAM1	0.92506
MOSPD1	0.92491
E2F8	0.81778
ZIC3	0.92495
AES	0.93594
POT1	0.85343
CAPZA1	0.93292
GAS7	0.8523
WDR13	0.93514
E2F5	0.935
FOXN3	0.93167
PGAP2	0.93451
MPHOSPH10	0.84847
SEPT6	0.93177
TUBB2A	0.93478
SENP3	0.84821
USP27X	0.92373
MEX3D	0.92303
PAFAH1B2	0.93401
ACTA2	0.93017
ZIC1	0.93378
TBC1D20	0.93074
ORC2	0.84443
ZAP70	0.87696
MMP2	0.83878
IPPK	0.8741
DMTN	0.90082
MDH1	0.92765
PJA1	0.92754
EIF3L	0.83781
PEX26	0.93189
NTF3	0.93201
PVRL3	0.91574
CDH9	0.83147
WDR20	0.91532
ARHGDIG	0.92154
MOB4	0.93103
GABRA1	0.91489
IP6K1	0.92674
CYLC1	0.93145
MRAS	0.92111
DR1	0.92117
RPS19	0.92111
CALM2	0.92086
PRDM12	0.93018
RPSA	0.93037
GPC4	0.92613
SRSF6	0.91099
LPPR4	0.86104
POGK	0.89187
DMBX1	0.92957
SLC25A28	0.92954
GABPB1	0.91121
PTBP3	0.86295
HMX3	0.91992
POU4F3	0.91964
CDC37	0.90925
RPS27A	0.91944
SLC13A4	0.81559
TFAP2C	0.92204
APBB1IP	0.85443
AMER1	0.8538
PIGR	0.81331
B4GALT6	0.90783
GABRA5	0.90535
NLGN1	0.85276
SYT11	0.92676
PCDH9	0.80865
HAS3	0.88316
RP11-793H13.10	0.884
KCNK12	0.91853
TERF1	0.90655
ERO1L	0.80854
ZDHHC8	0.85288
LIN52	0.91836
STAM	0.85048
ANAPC7	0.8485
CCDC112	0.84869
CD47	0.91924
NR1H3	0.90374
FAM46A	0.92482
KANSL2	0.87965
BACE1	0.87888
GPR143	0.92526
MSANTD2	0.90277
XIAP	0.91837
ZC3H15	0.90263
SNAP23	0.92412
PPP2R2D	0.91708
STRAP	0.90143
SLC29A1	0.90069
WASL	0.87654
TRIM11	0.91729
DDX19A	0.83991
RPL17	0.92412
RMND5A	0.89983
CHORDC1	0.90164
SLAIN1	0.90094
CDC25A	0.84041
CACNG2	0.92315
TFEB	0.89931
VPS37D	0.91622
HS6ST1	0.92349
AKIRIN2	0.92355
PPP2R2C	0.89954
RPL26	0.9163
OTX2	0.92344
HNRNPA0	0.91616
DMRTA2	0.91608
PRPS1	0.91542
SLITRK5	0.87019
ATXN7L2	0.87066
IKZF4	0.89759
ANGPT2	0.83208
CCNE2	0.86983
SLC2A13	0.83307
FAM196A	0.9149
UBE2F	0.92267
MAP2K1	0.89669
ACVR2B	0.83412
CDK5R1	0.9149
RAB30	0.92132
DLX6	0.92126
SLC22A23	0.82731
SRSF4	0.86723
ZFAND3	0.92174
UBAP1	0.91168
NIPA2	0.92086
ATOH8	0.91391
GNAI1	0.91125
GID4	0.92062
PASD1	0.82307
CAPZB	0.91165
FSTL1	0.89403
RPS3	0.92
MESDC1	0.9137
CACYBP	0.91984
CADM2	0.89097
PCDH20	0.86222
KCNA2	0.91067
POU3F2	0.92007
CHMP7	0.86301
CALR	0.89133
CD81	0.91844
MPP6	0.81619
FAM171A2	0.90848
TMEM204	0.91273
PPP2R5A	0.81558
UNKL	0.81729
TSPAN5	0.90951
ADARB2	0.85603
LOXL1	0.88677
ELAVL4	0.90806
PTPN1	0.81293
NUDC	0.88682
IRF4	0.85677
XKR7	0.90831
PPAP2B	0.917
TGFBR1	0.85379
PKM	0.8549
CSNK2B	0.91728
GDI2	0.84933
ZHX1	0.80424
IDH2	0.88271
BTG3	0.91582
CD79B	0.9163
GORASP2	0.88389
MED26	0.88242
MEOX2	0.91495
CLDN11	0.91076
IGFBP3	0.91029
GABRB2	0.84876
GABRG3	0.84683
RPL27A	0.91072
WIPF1	0.90296
SYP	0.91549
PMP22	0.90958
TMCC1	0.84526
NEK7	0.88018
LRFN1	0.90275
SCRT2	0.91009
PCBP3	0.84326
NDUFS7	0.9142
EIF1AX	0.91015
PSMB2	0.91397
LRFN4	0.91295
GRASP	0.90123
PCBP1	0.90945
VANGL2	0.84283
POMP	0.90942
RPL10	0.90915
GATA3	0.89887
SPIB	0.91231
ACER3	0.87464
ZBTB33	0.9127
WNT9A	0.91225
BTBD2	0.87534
PLEKHA2	0.83804
PNRC1	0.90825
PVRL4	0.8353
HAT1	0.83507
ARX	0.90814
RWDD1	0.91032
ZC4H2	0.90752
RAP1B	0.90995
RAB18	0.91006
B3GALT2	0.89645
UBE2J2	0.90974
AURKA	0.8676
TCEA1	0.89541
FGF14	0.90887
RP11-603J24.9	0.90632
ZNRF1	0.90588
SPOCK1	0.82592
BMP10	0.90838
KCNA3	0.89392
FOXB1	0.90634
SNRPE	0.90614
MARCH5	0.89339
RPL23A	0.90573
PTAR1	0.86445
GTF2E1	0.89247
GNAI2	0.89194
SPARC	0.89148
ARGLU1	0.86183
CTPS2	0.81923
ONECUT2	0.90701
NR1D1	0.81796
C18orf25	0.89046
CAPN6	0.81903
FOXN4	0.86055
OPN5	0.8602
TXNL1	0.88904
GNA11	0.88941
ZNF367	0.90568
FAM58A	0.90384
WDR82	0.88696
CABP1	0.88789
RPS14	0.90388
PPP6C	0.85535
MAFB	0.90304
ZBTB46	0.80852
DNAJB6	0.85436
FOXK1	0.80522
GCH1	0.90292
SHISA6	0.85318
KCNN1	0.85412
SYT3	0.80772
PPIL3	0.90243
MKX	0.88427
SNRNP40	0.85265
KLHL36	0.80696
LRRC4B	0.88422
HLX	0.88317
PI4K2A	0.80413
SF3A2	0.88315
ADARB1	0.80347
DCAF10	0.80377
PDZD4	0.84853
LAPTM5	0.90044
KCNK3	0.90018
STX5	0.84297
ARF1	0.89967
PCYT1B	0.89723
TANK	0.83828
TMEM55B	0.87479
LAMP1	0.8747
WNT3	0.87515
JAZF1	0.89582
IRF2BPL	0.83623
SHISA9	0.87306
TSPYL2	0.87393
ARHGAP36	0.87324
PSMB7	0.89419
FGF13	0.89489
ABHD13	0.8946
RPL14	0.89508
MAPRE2	0.8341
YIPF6	0.89735
UHMK1	0.83404
C4B	0.83464
OTC	0.87295
MECP2	0.89382
MCU	0.83258
LMOD1	0.87057
ELOVL4	0.83227
LRRC47	0.87056
TAF7	0.89371
HEY2	0.89343
MYOG	0.89602
PELI2	0.82955
FSCN1	0.86852
ISL1	0.86857
CLDN5	0.89512
HOXB3	0.8917
RPL35A	0.89535
GNA13	0.86735
IRX3	0.89165
HEPACAM	0.86791
EMX1	0.89532
CCND1	0.89057
ZNF750	0.86616
PCGF2	0.86397
ZNF652	0.82299
KCTD10	0.86253
KLHL9	0.82017
MEX3C	0.86192
MYCN	0.88897
NCALD	0.8931
PABPC5	0.89297
ZNF513	0.81634
FLRT2	0.81715
CACNG7	0.88714
MLF2	0.86042
B3GNT2	0.88722
DTX3	0.88755
C1orf21	0.89204
SUB1	0.89245
HCCS	0.88624
TMED2	0.89231
ST8SIA3	0.85912
GLIS2	0.85834
SOX17	0.88495
BUB3	0.80927
EIF3J	0.85657
RAB1B	0.88438
NEUROD6	0.88454
HOXA10	0.88453
ZNF787	0.8911
LRRTM2	0.80903
LINGO2	0.85665
FAM53B	0.85523
HPCAL1	0.89103
CLVS1	0.85398
NOG	0.89026
CCNY	0.80672
INSM2	0.88177
PITX1	0.88244
FNDC4	0.88104
KITLG	0.85024
FAM214B	0.80243
ELAC1	0.88118
DUSP4	0.88152
KDELR1	0.88109
C6orf106	0.85127
BCL2L11	0.88857
RNF113A	0.88873
CXXC4	0.88863
CXXC5	0.88856
POU6F1	0.88028
MFAP3L	0.8803
FAM84A	0.88828
PIM1	0.84846
ERH	0.88774
KLF9	0.88783
POU4F1	0.88762
RP11-598P20.5	0.84599
CD40	0.84603
TAGAP	0.84621
OVOL1	0.87808
RSL24D1	0.87838
VAMP2	0.88736
RPS13	0.87646
RTN4RL2	0.87694
TOB2	0.88658
ANP32E	0.84376
RBPMS2	0.87683
TRABD2B	0.84273
RUNX3	0.84295
RPS12	0.88531
ZDHHC15	0.83968
DENR	0.87514
VBP1	0.88445
RRAGB	0.8363
TBX1	0.83661
PEG10	0.87274
CXorf65	0.88329
LRTM2	0.87153
NSG2	0.88363
DUSP10	0.8335
POU3F3	0.88278
RPL13A	0.83336
SNCA	0.8829
ATP6AP2	0.87089
UBE2N	0.88156
KLF3	0.8296
CCNI	0.82718
RBMX	0.82878
TAF10	0.88076
EMC7	0.86665
SERTAD2	0.8808
DCUN1D3	0.8666
RPS9	0.87956
TMEM11	0.87922
KIAA1671	0.8238
H2AFZ	0.87861
CRADD	0.87862
RNF146	0.81992
RRAGD	0.81991
PHYHIPL	0.82096
KCNIP4	0.82064
FOXL2	0.87762
KLF5	0.8181
NFIL3	0.81979
EMC4	0.86097
TMED10	0.86011
TNFSF13	0.81724
PSENEN	0.87614
PHYHIP	0.85981
SOX11	0.85844
RHOQ	0.85702
SRP14	0.87497
FAS	0.8117
MCTS1	0.87474
SSR4	0.87499
ENY2	0.87471
KCTD1	0.85538
TUBB4B	0.80877
GPR173	0.87422
STS	0.80886
OTX1	0.85508
COX5B	0.87383
TNFRSF14	0.80752
RPL10A	0.85357
LIN7B	0.85352
EMC8	0.85233
LSM6	0.87273
METTL9	0.80352
FAM222A	0.85124
RP11-599B13.6	0.87139
FXYD6-FXYD2	0.85025
TMEM200A	0.85062
SAT1	0.8706
UBQLN2	0.84968
TSPYL5	0.84935
CDIP1	0.87001
DESI2	0.8483
HMGA2	0.87015
HOXB8	0.84752
CMPK1	0.84789
TGIF2-C20orf24	0.84676
RPS2	0.8469
FOXF2	0.84666
SUMO2	0.86943
PRR7	0.86893
CNIH3	0.84533
IRF2BP2	0.84558
ZFAND5	0.84575
IER5	0.86869
N4BP2L1	0.8446
SOST	0.86731
UBE2G1	0.84382
PLEKHF2	0.86733
ZNF444	0.8667
AP1S2	0.86702
PHF5A	0.86605
ZNF579	0.83882
NAT8L	0.86458
FAM122B	0.83835
RPL21	0.83747
HMGN2	0.86341
RPS25	0.86346
OSR1	0.86296
UXT	0.86302
JUNB	0.86299
RCAN2	0.83475
TRIB1	0.83343
MAX	0.8335
GAS2L1	0.83227
SUMO1	0.86128
NRN1	0.8602
RPS23	0.85944
DMRTB1	0.82857
SNRPD3	0.85838
THAP11	0.82624
FBXL14	0.82537
ZNF691	0.82372
SOX12	0.85589
RANBP1	0.82235
RAB1A	0.82305
PIH1D3	0.85529
SOX14	0.85558
AMMECR1	0.82117
BATF	0.85462
HMGB1	0.82035
TSKU	0.85418
SHISA7	0.85388
DCAF8L2	0.81931
FAU	0.85252
CHIC1	0.85254
GOLT1B	0.85264
C1GALT1C1	0.85158
FOXO4	0.81332
PITX3	0.81276
RAP2A	0.85068
FAM155B	0.81284
PRR19	0.81244
DNAJC5	0.81216
RPL27	0.85027
PTHLH	0.81146
NEDD8	0.84938
RPL31	0.84958
PDGFA	0.80842
RPS26	0.84833
TPT1	0.80548
ASF1A	0.80542
PFDN1	0.84732
MSANTD1	0.80456
GJB1	0.84627
RPL30	0.84674
TNF	0.8033
VKORC1L1	0.84443
MYCBP	0.84451
THAP1	0.80123
CXorf21	0.84298
PWWP2B	0.8409
UBE2L3	0.83844
C1QTNF5	0.83565
GABARAPL1	0.83532
CSF2	0.83468
NXT2	0.83442
OLIG3	0.83391
RPS15	0.83284
HMGA1	0.83209
MAL	0.83197
RAB9A	0.83175
EIF1	0.8307
FAM46D	0.83028
CHTF8	0.82949
RNF208	0.82963
ZNF784	0.82859
HES7	0.827
CXCL13	0.82566
RBM3	0.82616
RPL38	0.8255
RAB39B	0.82529
TCF21	0.82553
CPLX1	0.82499
ARPC5	0.8215
RAB33A	0.82154
PAGE1	0.82048
NGF	0.82026
CDKN1C	0.81963
SPCS3	0.81991
DUSP9	0.81981
GAS1	0.81915
CGGBP1	0.81819
MTPN	0.81778
UBE2A	0.815
FKBP1A	0.81452
VGLL1	0.81365
FGF20	0.81379
TP53INP2	0.8117
RP11-565P22.6	0.81065
MORF4L2	0.81082
NEUROG2	0.81093
SLC10A3	0.8071
H3F3B	0.80682
ARL4A	0.80528
C14orf2	0.8054
SNRPG	0.80443
NDUFB11	0.80382
HSPE1	0.80379
UBALD1	0.8032
RPS15A	0.802
SNRPD2	0.80129
TSR2	0.80082
